country_iso3,year,wui,wui_volatility
ARE,1995,0.0502926,0.06058628871375657
ARE,1996,0.0,0.0
ARE,1997,0.10440255,0.07627543965871321
ARE,1998,0.30301135,0.2344147567626023
ARE,1999,0.06680195,0.09664609633922107
ARE,2000,0.13389485,0.18941039925904282
ARE,2001,0.0189394,0.0378788
ARE,2002,0.0729235,0.145847
ARE,2003,0.04925499999999999,0.06011461915823804
ARE,2004,0.056576775,0.046892793180286954
ARE,2005,0.020205275,0.04041055
ARE,2006,0.14964125,0.10126661212991181
ARE,2007,0.0495927,0.0630718643718946
ARE,2008,0.10995425,0.0032181661739775495
ARE,2009,0.0,0.0
ARE,2010,0.10453385,0.1474225432506508
ARE,2011,0.22902205,0.0598530060896137
ARE,2012,0.267484775,0.2079614176081768
ARE,2013,0.216008875,0.1287025785598039
ARE,2014,0.18339115,0.14597257484273088
ARE,2015,0.0443066,0.0886132
ARE,2016,0.133593925,0.13127802815102954
ARE,2017,0.28690035,0.16911264899503128
ARE,2018,0.25675427500000003,0.11086575648294578
ARE,2019,0.107757525,0.07308878497267894
ARE,2020,0.1183699,0.06613231831462335
ARE,2021,0.292745475,0.10525430208048109
ARE,2022,0.079935075,0.060864149414981285
ARE,2023,0.01659255,0.0331851
ARE,2024,0.051918775,0.06584681434817102
ARG,1995,0.42027982500000005,0.08759941358031934
ARG,1996,0.34809239999999997,0.23602584542018556
ARG,1997,0.268500725,0.16936648759961093
ARG,1998,0.21907715,0.14604790766495082
ARG,1999,0.46741495,0.294600215214376
ARG,2000,0.3056731,0.029888264494502402
ARG,2001,0.31203654999999997,0.13651268938714087
ARG,2002,0.22531335,0.2617515192951832
ARG,2003,0.1737543,0.10230340816981613
ARG,2004,0.237159075,0.07507844108439185
ARG,2005,0.1467231,0.04848598418807921
ARG,2006,0.169045375,0.1338815359796955
ARG,2007,0.33425045,0.04628115387761345
ARG,2008,0.261808475,0.20889847228337782
ARG,2009,0.70966765,0.3494191547646036
ARG,2010,0.8548254000000001,0.2110066197443578
ARG,2011,0.328666,0.18818760998012948
ARG,2012,0.323742725,0.11369285118767362
ARG,2013,0.3264396,0.21021451263097893
ARG,2014,0.29635517499999997,0.12927507344399058
ARG,2015,0.36072255,0.1503493668020033
ARG,2016,0.15035685,0.11035193850991773
ARG,2017,0.189007825,0.10446186355895229
ARG,2018,0.39958340000000003,0.2621803967768122
ARG,2019,0.414423575,0.16698435765872152
ARG,2020,0.23493134999999998,0.19935725725150646
ARG,2021,0.09622515000000001,0.054327970133777936
ARG,2022,0.16955725,0.0764139828147746
ARG,2023,0.389300475,0.2844444602037613
ARG,2024,0.4696254,0.11737429276989637
AUS,1995,0.0500755,0.06487334104206442
AUS,1996,0.106703125,0.09559187191783532
AUS,1997,0.125325075,0.14790491296959174
AUS,1998,0.03769885,0.0753977
AUS,1999,0.03474485,0.04013766401851674
AUS,2000,0.16145779999999998,0.12098968842395894
AUS,2001,0.087171975,0.06646541588427148
AUS,2002,0.07341065,0.1468213
AUS,2003,0.308238375,0.25028094893370495
AUS,2004,0.031713725,0.036653369352296024
AUS,2005,0.07910982500000001,0.12050948563767018
AUS,2006,0.068764825,0.09780491127792357
AUS,2007,0.01910585,0.0382117
AUS,2008,0.2299376,0.09870012302467848
AUS,2009,0.07698375,0.05186773278037769
AUS,2010,0.17976684999999998,0.09733656597194089
AUS,2011,0.24364802500000002,0.22498503651138485
AUS,2012,0.132407025,0.09404847828573569
AUS,2013,0.034845475,0.040387875802471135
AUS,2014,0.1185409,0.13231417004372586
AUS,2015,0.17426439999999999,0.08664888350906008
AUS,2016,0.2490718,0.1382916894646722
AUS,2017,0.307399925,0.09569044315859952
AUS,2018,0.172188025,0.07198987006407569
AUS,2019,0.21579435,0.17715518524484875
AUS,2020,0.3143915,0.12456461632919681
AUS,2021,0.254914725,0.09881708288237667
AUS,2022,0.193811375,0.09643551462918543
AUS,2023,0.074134325,0.060359228366581745
AUS,2024,0.0179856,0.0359712
AUT,1995,0.0874627,0.078296847019234
AUT,1996,0.046464575,0.03182052614465229
AUT,1997,0.048946025,0.06288344679974081
AUT,1998,0.068683525,0.09867096282146959
AUT,1999,0.077466125,0.09277087271909486
AUT,2000,0.088631075,0.12731589988128938
AUT,2001,0.11391979999999999,0.13373428993789635
AUT,2002,0.049258449999999995,0.06448972109189184
AUT,2003,0.18127690000000002,0.08166821564309255
AUT,2004,0.062682975,0.04882329383974928
AUT,2005,0.1003279,0.10070202310811172
AUT,2006,0.1034847,0.0874239179396958
AUT,2007,0.054394750000000006,0.03815278561525139
AUT,2008,0.061649949999999995,0.0711889189422764
AUT,2009,0.02519145,0.0503829
AUT,2010,0.0546165,0.06358454379333603
AUT,2011,0.025807775,0.05161555
AUT,2012,0.3490126,0.22000961997506682
AUT,2013,0.371836275,0.14962067132087453
AUT,2014,0.15865705,0.05593275334128177
AUT,2015,0.348447475,0.17887645601411375
AUT,2016,0.39690499999999995,0.18236919873450852
AUT,2017,0.217711025,0.12333945971473405
AUT,2018,0.099109475,0.10436873926469792
AUT,2019,0.285728225,0.1593381198448418
AUT,2020,0.33449487499999997,0.13173109992484372
AUT,2021,0.09130680000000001,0.039973195341962184
AUT,2022,0.27352675,0.04485066006102922
AUT,2023,0.3306228,0.12400937602474527
AUT,2024,0.2842401,0.03663567364259414
BEL,1995,0.178919025,0.20712193238372698
BEL,1996,0.02607155,0.0521431
BEL,1997,0.101389075,0.08175401878510825
BEL,1998,0.1652609,0.1628350006425932
BEL,1999,0.058132575,0.06989772729583202
BEL,2000,0.03091955,0.0618391
BEL,2001,0.10539404999999999,0.08758382175670344
BEL,2002,0.07606927499999999,0.08883936814751199
BEL,2003,0.053807499999999994,0.06919128116918585
BEL,2004,0.106143825,0.09222693409535615
BEL,2005,0.086970625,0.1075372256166324
BEL,2006,0.071414225,0.05758337283952576
BEL,2007,0.06176935,0.04128304115901185
BEL,2008,0.03051385,0.0610277
BEL,2009,0.059061749999999996,0.06820091921088747
BEL,2010,0.0834214,0.05578539077912783
BEL,2011,0.2129748,0.08887085403876796
BEL,2012,0.208850125,0.10104290476645306
BEL,2013,0.211979175,0.08735422908286983
BEL,2014,0.23775575,0.23699447872410442
BEL,2015,0.121057425,0.12143116790095189
BEL,2016,0.13260339999999998,0.14065100743329212
BEL,2017,0.0776413,0.10805852345721433
BEL,2018,0.09215809999999999,0.08331491253191112
BEL,2019,0.24038395,0.1391301433135298
BEL,2020,0.356981725,0.17763503604492697
BEL,2021,0.12017955,0.05566972637322732
BEL,2022,0.360305475,0.08000966407655077
BEL,2023,0.2279956,0.11095224682276605
BEL,2024,0.259863625,0.15017975494354258
BRA,1995,0.06071295,0.08418894121029198
BRA,1996,0.21991145,0.10759050224465291
BRA,1997,0.09388327499999999,0.09087852419163268
BRA,1998,0.2751327,0.1346034056186296
BRA,1999,0.296813275,0.15840866564613557
BRA,2000,0.162289275,0.1167286931521802
BRA,2001,0.373970075,0.1743923283305466
BRA,2002,0.3490374,0.310313900145847
BRA,2003,0.117342325,0.10827746525432935
BRA,2004,0.2683731,0.09259977258658178
BRA,2005,0.253420525,0.16914218171679066
BRA,2006,0.230186075,0.03242434705684142
BRA,2007,0.045668975,0.05897849299941887
BRA,2008,0.07493785,0.050040382250771565
BRA,2009,0.33134352499999997,0.22203530867037602
BRA,2010,0.17359182499999998,0.06682065138764487
BRA,2011,0.061748725,0.12349745
BRA,2012,0.2037661,0.2424465496657631
BRA,2013,0.42892435,0.18462075460564195
BRA,2014,0.253388075,0.06620767181852241
BRA,2015,0.42977295,0.06920191743762114
BRA,2016,0.494839125,0.25335930430368875
BRA,2017,0.7045865,0.21427961021151778
BRA,2018,1.090200375,0.5867022927019596
BRA,2019,0.428741325,0.10365660347700557
BRA,2020,0.26333715,0.22611576111703638
BRA,2021,0.2509368,0.10168180533005894
BRA,2022,0.636830275,0.14089121726406215
BRA,2023,0.183562775,0.11136680882229902
BRA,2024,0.10173605,0.11894910296443323
CAN,1995,0.1927093,0.16952346377503813
CAN,1996,0.1708581,0.06500936428843669
CAN,1997,0.09317967499999999,0.031103129115291592
CAN,1998,0.1796963,0.163822972817795
CAN,1999,0.0,0.0
CAN,2000,0.0186874,0.0373748
CAN,2001,0.331473975,0.13576132207133165
CAN,2002,0.19201015,0.23861432763778037
CAN,2003,0.19102295,0.1144843701371356
CAN,2004,0.15814040000000001,0.18130090916837677
CAN,2005,0.101034525,0.11672028882661815
CAN,2006,0.15113275,0.06424893820666092
CAN,2007,0.12229814999999998,0.11692646525144197
CAN,2008,0.057670125,0.11534025
CAN,2009,0.12244625,0.09291060562693225
CAN,2010,0.15634545,0.05955332520078119
CAN,2011,0.16651805,0.04778571659429207
CAN,2012,0.2497415,0.05595354709262555
CAN,2013,0.087607525,0.0729572215969685
CAN,2014,0.0301988,0.034992168656905694
CAN,2015,0.19253435,0.09737969920664503
CAN,2016,0.131292525,0.12641271270288643
CAN,2017,0.236811675,0.1966577686309625
CAN,2018,0.19752335000000001,0.06630631578829174
CAN,2019,0.471032775,0.20168889107020538
CAN,2020,0.32256655,0.3489959445991171
CAN,2021,0.125166425,0.09904810382228005
CAN,2022,0.2118239,0.10890061471858949
CAN,2023,0.15708557499999998,0.07750498868943319
CAN,2024,0.203640075,0.05762188605604501
CHE,1995,0.0287192,0.03364109443839979
CHE,1996,0.0699914,0.0542626553374725
CHE,1997,0.12131834999999999,0.06616521189771857
CHE,1998,0.0888972,0.06690462761010382
CHE,1999,0.0289183,0.033567129777705644
CHE,2000,0.0218895,0.043779
CHE,2001,0.2627937,0.2572093140784369
CHE,2002,0.214689725,0.2853885143451686
CHE,2003,0.29583594999999996,0.2011616218931351
CHE,2004,0.163184225,0.19178958844406152
CHE,2005,0.09661789999999999,0.1116898633834184
CHE,2006,0.096448225,0.15262802519656246
CHE,2007,0.09301145,0.03380593899829831
CHE,2008,0.058983125,0.11796625
CHE,2009,0.102677225,0.07922512763395105
CHE,2010,0.07958285,0.053057402580004485
CHE,2011,0.12896845,0.19245748517047429
CHE,2012,0.13808505,0.10949826037919506
CHE,2013,0.200722325,0.16869806439350699
CHE,2014,0.32018265,0.12571870124057388
CHE,2015,0.570924975,0.22369384614067764
CHE,2016,0.6721454,0.16696412416198875
CHE,2017,0.355586725,0.19994122812518972
CHE,2018,0.294608675,0.324609845713603
CHE,2019,0.628351325,0.3253891762397901
CHE,2020,0.8206396499999999,0.28005804882893476
CHE,2021,0.646859475,0.03953383701298374
CHE,2022,0.526008825,0.08915838594756989
CHE,2023,0.41605715,0.18202285871440246
CHE,2024,0.352099375,0.18775198528646553
CHN,1995,0.13922632499999998,0.14714581083092093
CHN,1996,0.108939,0.07549671588702826
CHN,1997,0.051352225,0.06753778396129459
CHN,1998,0.081483525,0.12856416595981363
CHN,1999,0.0310752,0.0621504
CHN,2000,0.047521549999999996,0.06009858459323314
CHN,2001,0.1213891,0.09028456006675042
CHN,2002,0.057847675,0.06679757317884011
CHN,2003,0.088951575,0.09492571236155758
CHN,2004,0.042381625,0.05683945055624512
CHN,2005,0.0,0.0
CHN,2006,0.0,0.0
CHN,2007,0.013048025,0.02609605
CHN,2008,0.0,0.0
CHN,2009,0.0610071,0.0754679292522327
CHN,2010,0.240712175,0.131758965634813
CHN,2011,0.0,0.0
CHN,2012,0.212577025,0.1075836727631529
CHN,2013,0.096474525,0.04610168833939273
CHN,2014,0.12708165,0.04215254941926209
CHN,2015,0.096949875,0.05237213624854188
CHN,2016,0.08120619999999999,0.07968755669944126
CHN,2017,0.09842055,0.09533533314976492
CHN,2018,0.165574075,0.13617240266912564
CHN,2019,0.28920429999999997,0.14682537285492134
CHN,2020,0.354247475,0.14473643941591152
CHN,2021,0.178541375,0.07238973077420927
CHN,2022,0.37724667500000003,0.10316754372935885
CHN,2023,0.21242745,0.11384127662854394
CHN,2024,0.06428135,0.0012879319818996616
COL,1995,0.074886175,0.14977235
COL,1996,0.4574479,0.16777194358809416
COL,1997,0.18200639999999998,0.21490396254792513
COL,1998,0.31966815,0.07935171669189017
COL,1999,0.192564225,0.20433099850362688
COL,2000,0.2568897,0.13549339900482238
COL,2001,0.347513575,0.0303630033182243
COL,2002,0.8552673749999999,0.8732096021966257
COL,2003,0.2975975,0.2884976645098651
COL,2004,0.11403895,0.10958159494922798
COL,2005,0.40420619999999996,0.1977925712003529
COL,2006,0.1911924,0.1572828377710465
COL,2007,0.121559375,0.0449995489449524
COL,2008,0.211773675,0.14973169825051244
COL,2009,0.33098704999999995,0.22479251968258046
COL,2010,0.09498282499999999,0.07634321391646957
COL,2011,0.270079425,0.16823736629836183
COL,2012,0.16899304999999998,0.12229388361599826
COL,2013,0.20906695,0.15777700884815254
COL,2014,0.21571595,0.18634276926929577
COL,2015,0.21958044999999998,0.08955093515363197
COL,2016,0.3506243,0.15489524636598762
COL,2017,0.182136725,0.16484921886686582
COL,2018,0.38390725000000003,0.18260239895628422
COL,2019,0.0987913,0.023656621676956896
COL,2020,0.22958235,0.14449176866210522
COL,2021,0.3738209,0.3738353446328923
COL,2022,0.8472546,0.3400762660190603
COL,2023,0.1322104,0.06405529351443175
COL,2024,0.340209275,0.26442216312841316
CZE,1995,0.10475369999999999,0.15122418677698352
CZE,1996,0.15757515,0.06412756586900312
CZE,1997,0.07878965,0.05897163503190892
CZE,1998,0.507174425,0.21416101032753176
CZE,1999,0.14890775,0.12210053332371923
CZE,2000,0.207877725,0.13710077737798998
CZE,2001,0.18864977500000002,0.0893760018575969
CZE,2002,0.23601977500000001,0.20727789160584034
CZE,2003,0.3015303,0.07996691679592673
CZE,2004,0.266578025,0.10134898373364433
CZE,2005,0.20337232500000002,0.09242159629824531
CZE,2006,0.29050765,0.21450912590362364
CZE,2007,0.17053717499999999,0.1158232696273184
CZE,2008,0.21289522500000002,0.16279526836189834
CZE,2009,0.186545525,0.24762865036751264
CZE,2010,0.21902945,0.2799960882454075
CZE,2011,0.07561457499999999,0.0967897250117103
CZE,2012,0.219710425,0.15544126992004353
CZE,2013,0.110545825,0.08993779266872465
CZE,2014,0.10217505,0.04138841076601839
CZE,2015,0.12173105,0.14075078382882988
CZE,2016,0.043399,0.086798
CZE,2017,0.09384257500000001,0.07121681711208269
CZE,2018,0.0873264,0.133983049304032
CZE,2019,0.23540365,0.050347340460610894
CZE,2020,0.28245205,0.11927400294779245
CZE,2021,0.31005895,0.07457298795875535
CZE,2022,0.158262525,0.036028249207381235
CZE,2023,0.011629525,0.02325905
CZE,2024,0.02010455,0.0402091
DEU,1995,0.078673625,0.11988037938668626
DEU,1996,0.15201315,0.07192586748101594
DEU,1997,0.1618587,0.09763718547592408
DEU,1998,0.11621297500000001,0.04305839832912003
DEU,1999,0.104968375,0.038997350095989425
DEU,2000,0.031722824999999996,0.03672753576418062
DEU,2001,0.1473137,0.08690047164778028
DEU,2002,0.16664005,0.1931952980681552
DEU,2003,0.14610915,0.11619004079872766
DEU,2004,0.17563542499999998,0.1740246275245427
DEU,2005,0.135401475,0.046711076583709425
DEU,2006,0.052272525,0.07164020470775588
DEU,2007,0.10696145,0.09156205826656584
DEU,2008,0.107608225,0.12495831648034676
DEU,2009,0.30266027500000003,0.09277996924018224
DEU,2010,0.043309325,0.050839940172491355
DEU,2011,0.046326124999999996,0.05354700433596481
DEU,2012,0.3535649,0.23458789783240452
DEU,2013,0.261471225,0.07937294086867702
DEU,2014,0.320373075,0.07954218640157246
DEU,2015,0.18889604999999998,0.1192813842232587
DEU,2016,0.251832175,0.1437378847151387
DEU,2017,0.3360552,0.39826441306785954
DEU,2018,0.293690475,0.056828257494394165
DEU,2019,0.621335875,0.13783595455892186
DEU,2020,0.419077525,0.2028984352898
DEU,2021,0.12000082499999999,0.049482646102472126
DEU,2022,0.30291619999999997,0.06400937118037223
DEU,2023,0.130421425,0.08038760848814015
DEU,2024,0.28725144999999996,0.2503303017764263
DNK,1995,0.14707985,0.12699324234949144
DNK,1996,0.024481,0.04896199999999999
DNK,1997,0.03425595,0.0685119
DNK,1998,0.30149875,0.2745820948387992
DNK,1999,0.1918721,0.055516347606268196
DNK,2000,0.492924775,0.3160337055693836
DNK,2001,0.18733965,0.1441847532636166
DNK,2002,0.124614425,0.17831598382938782
DNK,2003,0.1549538,0.04295968137513746
DNK,2004,0.08009042499999999,0.062114371719614946
DNK,2005,0.161914675,0.1969934044253153
DNK,2006,0.0464433,0.031007704527423505
DNK,2007,0.254030875,0.20337931917900562
DNK,2008,0.08658895,0.05795549308089786
DNK,2009,0.08024105,0.05376844292770621
DNK,2010,0.26192485,0.10271749128291961
DNK,2011,0.25963084999999997,0.056138503797275065
DNK,2012,0.14907484999999998,0.05543464787203636
DNK,2013,0.1810405,0.13981594815706827
DNK,2014,0.102698975,0.08682352594216136
DNK,2015,0.3477027,0.10054060208910627
DNK,2016,0.468305425,0.4636634478730478
DNK,2017,0.367586725,0.10354287545873206
DNK,2018,0.171080575,0.08108856252868939
DNK,2019,0.32130685000000003,0.09420334418871054
DNK,2020,0.335635025,0.15655649019376094
DNK,2021,0.18232395,0.04525574862964926
DNK,2022,0.255922775,0.08385982213171277
DNK,2023,0.203278175,0.223637172212975
DNK,2024,0.025211775,0.05042355
EGY,1995,0.049354999999999996,0.03772787362371045
EGY,1996,0.09939835,0.035960606937267714
EGY,1997,0.027702375,0.05540475
EGY,1998,0.1126549,0.08154466377726176
EGY,1999,0.0995482,0.07116007660610454
EGY,2000,0.033101625,0.06620325
EGY,2001,0.08233555,0.06270596529754299
EGY,2002,0.109702825,0.10302708713739234
EGY,2003,0.10709407500000001,0.09138432087622674
EGY,2004,0.12944015,0.06287802384418582
EGY,2005,0.06574907499999999,0.028967113879866706
EGY,2006,0.025857175,0.05171435
EGY,2007,0.049942125000000004,0.05798047663972043
EGY,2008,0.0,0.0
EGY,2009,0.0,0.0
EGY,2010,0.0723943,0.048269724668436494
EGY,2011,0.26823542499999997,0.24075135722738752
EGY,2012,0.7045062,0.24613103885251858
EGY,2013,0.3573674,0.09907117997456845
EGY,2014,0.2385955,0.06675120627689062
EGY,2015,0.2059207,0.06408606682511678
EGY,2016,0.0418067,0.04915066367181628
EGY,2017,0.091689525,0.0871594360515783
EGY,2018,0.1177071,0.02877212510758749
EGY,2019,0.055682899999999994,0.06886232406679285
EGY,2020,0.159276225,0.13173402631556194
EGY,2021,0.124242075,0.07991298207614643
EGY,2022,0.13518125,0.0912198536930238
EGY,2023,0.143110475,0.08241906780478146
EGY,2024,0.04942145,0.06168081817688543
ESP,1995,0.3191258,0.11975637697291946
ESP,1996,0.163651125,0.1777267811355654
ESP,1997,0.2220998,0.19650363747573055
ESP,1998,0.055162125,0.07129646863977555
ESP,1999,0.07215207500000001,0.06237894378481546
ESP,2000,0.054306225,0.07202640965703136
ESP,2001,0.153057025,0.09997697763669977
ESP,2002,0.2018608,0.14356906442786807
ESP,2003,0.3876869,0.17249422976696932
ESP,2004,0.136106325,0.13503480397589787
ESP,2005,0.16521875000000003,0.15052529500010953
ESP,2006,0.053197625,0.06819990581666885
ESP,2007,0.13488250000000002,0.011175873950911694
ESP,2008,0.21660075,0.11905624930573781
ESP,2009,0.22328177500000002,0.09337931289582205
ESP,2010,0.300401125,0.13513864245436671
ESP,2011,0.21945102500000002,0.2534099204513032
ESP,2012,0.2975231,0.14787004829135164
ESP,2013,0.11867087500000001,0.1946768549624287
ESP,2014,0.127497725,0.1407604347691821
ESP,2015,0.23681202499999998,0.10061138983350328
ESP,2016,0.41354285,0.27851079314370686
ESP,2017,0.343611075,0.1880164336857176
ESP,2018,0.294684525,0.11424315226356385
ESP,2019,0.44324795,0.10987564309735195
ESP,2020,0.29338939999999997,0.17197951403084805
ESP,2021,0.134553225,0.05520078285105354
ESP,2022,0.322756925,0.1084431383386819
ESP,2023,0.408394925,0.2366225338764446
ESP,2024,0.33343475,0.07385194219095843
FIN,1995,0.049221,0.06532506208314437
FIN,1996,0.06319659999999999,0.07877100887750517
FIN,1997,0.06096485,0.08028429276035258
FIN,1998,0.06884557499999999,0.09203692974664662
FIN,1999,0.0,0.0
FIN,2000,0.034377950000000004,0.03983414648778106
FIN,2001,0.05682615,0.03797067688883972
FIN,2002,0.170716425,0.14738605068887117
FIN,2003,0.060236125,0.12047225
FIN,2004,0.038300324999999996,0.044234818173122026
FIN,2005,0.035991925,0.07198385
FIN,2006,0.058357675000000005,0.07481776231712961
FIN,2007,0.055324775,0.07036912819271318
FIN,2008,0.030273675,0.06054735
FIN,2009,0.1039636,0.14416103061941996
FIN,2010,0.0,0.0
FIN,2011,0.07902135,0.05284219209624698
FIN,2012,0.35083142500000003,0.15035037316775274
FIN,2013,0.11777847500000001,0.05284549004102274
FIN,2014,0.2112887,0.075001364311991
FIN,2015,0.213899125,0.21869471432753582
FIN,2016,0.244121875,0.08799405028107961
FIN,2017,0.071049275,0.09673682421930045
FIN,2018,0.076373925,0.004302083990637558
FIN,2019,0.39883575000000004,0.21031920678024157
FIN,2020,0.455218525,0.129702929256574
FIN,2021,0.2746167,0.0764225897436528
FIN,2022,0.358551775,0.06656071440453823
FIN,2023,0.25473525,0.20153694820329268
FIN,2024,0.0,0.0
FRA,1995,0.3002668,0.22879245798845732
FRA,1996,0.15213945,0.076324122812494
FRA,1997,0.11295872500000001,0.10757590603508374
FRA,1998,0.113037725,0.0842582877991388
FRA,1999,0.05628435,0.06501191774767147
FRA,2000,0.071407525,0.058266567827836166
FRA,2001,0.11656335,0.11070874080485545
FRA,2002,0.426436125,0.240186682587321
FRA,2003,0.34652305,0.31243011617235306
FRA,2004,0.070138325,0.05822037456557484
FRA,2005,0.197052375,0.05814768401196932
FRA,2006,0.15037285,0.08094403820724949
FRA,2007,0.211985175,0.11358403957142262
FRA,2008,0.157964525,0.1003460010877821
FRA,2009,0.097882525,0.00696380988557988
FRA,2010,0.17060865,0.10337991739486932
FRA,2011,0.19255202500000002,0.1343391411629878
FRA,2012,0.38240935,0.1320727969187069
FRA,2013,0.294549375,0.10361603285992553
FRA,2014,0.193830575,0.09378500120400829
FRA,2015,0.252807925,0.12096403704648129
FRA,2016,0.141245575,0.1342144758336292
FRA,2017,0.175243875,0.048648885662768954
FRA,2018,0.107378325,0.032472514159041746
FRA,2019,0.346588375,0.15715995796613028
FRA,2020,0.3403991,0.1442689510942901
FRA,2021,0.1610104,0.045435829758902826
FRA,2022,0.275555825,0.04265896109122324
FRA,2023,0.097876075,0.07658904470424714
FRA,2024,0.193018725,0.22304877749265783
GBR,1995,0.0252232,0.029163327788165737
GBR,1996,0.11224895,0.04081371744895744
GBR,1997,0.19058615,0.10270078848670054
GBR,1998,0.16266002499999999,0.07729924932319308
GBR,1999,0.135838625,0.09839256056655148
GBR,2000,0.0712512,0.05793147220714028
GBR,2001,0.14887745,0.11790279259069028
GBR,2002,0.06922937500000001,0.08127344274445271
GBR,2003,0.22036785,0.1687335737508593
GBR,2004,0.1590172,0.03343275592100261
GBR,2005,0.170160025,0.13408418594774393
GBR,2006,0.14889365,0.07060932951985405
GBR,2007,0.204462625,0.07856437263362977
GBR,2008,0.177625025,0.12413290015805305
GBR,2009,0.45470025000000003,0.31055491918887707
GBR,2010,0.37049197500000003,0.10241580165145008
GBR,2011,0.33468180000000003,0.16988067595380002
GBR,2012,0.4049434,0.11758944196270346
GBR,2013,0.30345710000000004,0.0980546647052891
GBR,2014,0.238020825,0.14322036950721256
GBR,2015,0.477109675,0.3505571013379074
GBR,2016,0.985397625,0.3594509861962487
GBR,2017,0.474913175,0.030524278303931025
GBR,2018,0.608418,0.18550370088545404
GBR,2019,1.17974905,0.441891267946475
GBR,2020,0.8733986250000001,0.3355092271085489
GBR,2021,0.522126775,0.10591130405398583
GBR,2022,0.27890047500000004,0.14374407442266682
GBR,2023,0.2779857,0.12547874138857146
GBR,2024,0.354443625,0.07701350097138272
GRC,1995,0.10109032500000001,0.017324851980392214
GRC,1996,0.033395675,0.06679135
GRC,1997,0.02986495,0.0346293222516699
GRC,1998,0.084637,0.029503042998646766
GRC,1999,0.06939865,0.10601933948072871
GRC,2000,0.0317031,0.0367567844369807
GRC,2001,0.308706875,0.1644252597554762
GRC,2002,0.209541025,0.21644351427819644
GRC,2003,0.15920475,0.14076233320535955
GRC,2004,0.185771425,0.08385909478958836
GRC,2005,0.10668535,0.06535381139456725
GRC,2006,0.0292963,0.0585926
GRC,2007,0.015437825,0.03087565
GRC,2008,0.0,0.0
GRC,2009,0.0,0.0
GRC,2010,0.0,0.0
GRC,2011,0.10940169999999999,0.16670142273232103
GRC,2012,0.38702845,0.21399370818059893
GRC,2013,0.09325662500000001,0.0791816916665031
GRC,2014,0.227323875,0.16036353262857436
GRC,2015,0.416654125,0.19392204581828534
GRC,2016,0.363688825,0.15226647182435085
GRC,2017,0.2101037,0.17884358824233348
GRC,2018,0.22582025,0.15714845503954744
GRC,2019,0.335151075,0.039767644841367786
GRC,2020,0.385025525,0.009058801119491472
GRC,2021,0.388199375,0.21833544277358138
GRC,2022,0.2177838,0.04671869883162415
GRC,2023,0.098687625,0.06631959093351802
GRC,2024,0.129071775,0.02981717478360135
HUN,1995,0.07214899999999999,0.08499958988983418
HUN,1996,0.018848,0.037696
HUN,1997,0.12582075,0.10240422262522511
HUN,1998,0.4190728,0.15310859163458682
HUN,1999,0.19006435,0.10788494422097707
HUN,2000,0.136363925,0.09447823806042586
HUN,2001,0.093443025,0.12286014158525607
HUN,2002,0.0555988,0.1111976
HUN,2003,0.0870021,0.09989327455312828
HUN,2004,0.10479034999999999,0.0942813974440522
HUN,2005,0.059168725,0.04708523554132972
HUN,2006,0.298917675,0.0750672927368671
HUN,2007,0.27706775,0.02660382245900014
HUN,2008,0.32362305,0.2531804270286113
HUN,2009,0.260305275,0.09207726180812774
HUN,2010,0.404876825,0.11850697544497468
HUN,2011,0.291156075,0.08427915131906882
HUN,2012,0.40376802500000003,0.08635697800376356
HUN,2013,0.48526057499999997,0.11381242256975219
HUN,2014,0.095466025,0.050852098351288975
HUN,2015,0.15820109999999998,0.11316412061853645
HUN,2016,0.0727399,0.08653000146007163
HUN,2017,0.1048895,0.08206602422890974
HUN,2018,0.037466625,0.04369789769164149
HUN,2019,0.121647675,0.04294858677452806
HUN,2020,0.18683745,0.10855066836193748
HUN,2021,0.297142675,0.007203264478172409
HUN,2022,0.14579387500000002,0.08466710527268446
HUN,2023,0.0182695,0.036539
HUN,2024,0.07235372500000001,0.0053046599937382095
IDN,1995,0.141658125,0.05823328989643724
IDN,1996,0.3364794,0.31644286031112584
IDN,1997,0.26244455,0.20560403964205082
IDN,1998,0.21717205,0.1699087360870437
IDN,1999,0.27104585000000003,0.11819953878140416
IDN,2000,0.44985232500000005,0.08711230663820795
IDN,2001,0.5489590249999999,0.19414209623989975
IDN,2002,0.21622305,0.15989528511853207
IDN,2003,0.3106343,0.16454168965564117
IDN,2004,0.322989825,0.037706758547363446
IDN,2005,0.264383575,0.2032727150221327
IDN,2006,0.12682717500000001,0.0510220565626524
IDN,2007,0.1999754,0.1125243583418571
IDN,2008,0.249248525,0.1869377005080815
IDN,2009,0.068499975,0.08478651517281016
IDN,2010,0.07024945,0.046895770541737915
IDN,2011,0.102765225,0.12302108889076363
IDN,2012,0.32225955,0.3759800929850631
IDN,2013,0.09163945000000001,0.06752142289932878
IDN,2014,0.164782925,0.07856978282233679
IDN,2015,0.1107355,0.129166225551264
IDN,2016,0.129507475,0.1099838884244832
IDN,2017,0.036368925,0.07273785
IDN,2018,0.01740825,0.0348165
IDN,2019,0.270875675,0.045263010602431576
IDN,2020,0.11192912499999999,0.066043336471763
IDN,2021,0.12613239999999998,0.037479909817483115
IDN,2022,0.17298344999999998,0.07304001688633886
IDN,2023,0.150007625,0.0666822255817533
IDN,2024,0.211479875,0.0062221642238988305
IND,1995,0.19967664999999998,0.23076575650711983
IND,1996,0.180756825,0.23960483816402614
IND,1997,0.15339495,0.12653558273999452
IND,1998,0.184487,0.14509321393890207
IND,1999,0.15205354999999998,0.10908039250682651
IND,2000,0.08394935,0.09742943441241632
IND,2001,0.09948875,0.11905361892661363
IND,2002,0.045938375,0.06111430454977378
IND,2003,0.060459025,0.06981784746955824
IND,2004,0.07141145,0.024972288280478688
IND,2005,0.0860538,0.09944633916885359
IND,2006,0.0511348,0.07191026143798951
IND,2007,0.043145625,0.05506916530354502
IND,2008,0.0,0.0
IND,2009,0.020330175,0.04066035
IND,2010,0.067840575,0.08601079384094282
IND,2011,0.064421925,0.12884385
IND,2012,0.109609975,0.10974023619804407
IND,2013,0.1232374,0.06235733600841737
IND,2014,0.17700512499999999,0.09342576357070444
IND,2015,0.211966625,0.16087826066850205
IND,2016,0.22941240000000002,0.14041425218056272
IND,2017,0.11002905,0.04325661944045867
IND,2018,0.0749889,0.031225343132889136
IND,2019,0.19371444999999998,0.08684383904789485
IND,2020,0.1652159,0.15797183772124276
IND,2021,0.061152200000000004,0.00761523048939864
IND,2022,0.190869225,0.08504866272734198
IND,2023,0.156311775,0.11276959666039939
IND,2024,0.06612190000000001,0.05301563565697702
IRL,1995,0.0476923,0.03188207181923199
IRL,1996,0.01818975,0.0363795
IRL,1997,0.032899075,0.06579815
IRL,1998,0.1910385,0.2393117191370006
IRL,1999,0.030115525000000004,0.034896847792255305
IRL,2000,0.0412371,0.08247419999999998
IRL,2001,0.3740644,0.23587292239822696
IRL,2002,0.5529563,0.5334543266132162
IRL,2003,0.0897434,0.04034336398963279
IRL,2004,0.055379125,0.07247409266118825
IRL,2005,0.061399,0.08694841129623933
IRL,2006,0.049060450000000005,0.059735575930456496
IRL,2007,0.0734889,0.06292805947037194
IRL,2008,0.0908363,0.11555160804287118
IRL,2009,0.25359787500000003,0.1159398723764284
IRL,2010,0.07121920000000001,0.08827954049483945
IRL,2011,0.097087375,0.19417475
IRL,2012,0.5028134,0.10075655235556642
IRL,2013,0.30358395,0.1098344698619245
IRL,2014,0.1444157,0.08686405258348627
IRL,2015,0.250232225,0.05350297384279215
IRL,2016,0.33751430000000004,0.14153191712286436
IRL,2017,0.507382525,0.24483006780057842
IRL,2018,0.24738597499999998,0.02860167418554084
IRL,2019,1.0944172,0.29101974485779025
IRL,2020,0.5170226,0.3735403083012417
IRL,2021,0.40240855,0.18105433231636117
IRL,2022,0.5247115,0.05824271888313595
IRL,2023,0.32619765,0.12744693450950478
IRL,2024,0.375445025,0.05739368388167089
IRN,1995,0.01390435,0.027808699999999995
IRN,1996,0.0694622,0.05741444236386288
IRN,1997,0.020086775,0.04017355
IRN,1998,0.0396983,0.0793966
IRN,1999,0.020409825,0.04081965
IRN,2000,0.09778875,0.07867012956459396
IRN,2001,0.35397049999999997,0.15245178860560038
IRN,2002,0.074855925,0.09049346415122568
IRN,2003,0.061386949999999996,0.08745286935721434
IRN,2004,0.057120149999999995,0.06595683665011536
IRN,2005,0.1371069,0.09000594589073917
IRN,2006,0.0,0.0
IRN,2007,0.0,0.0
IRN,2008,0.053185825,0.10637165
IRN,2009,0.07447865000000001,0.09508405426949007
IRN,2010,0.0237914,0.0475828
IRN,2011,0.0,0.0
IRN,2012,0.072858475,0.09219452583609561
IRN,2013,0.15823695,0.04833110710681062
IRN,2014,0.21465220000000002,0.12976493302853434
IRN,2015,0.28704945000000004,0.17496437142348914
IRN,2016,0.22090342500000001,0.13615976651638265
IRN,2017,0.388530525,0.1629047870101096
IRN,2018,0.41936887500000003,0.15934811902350518
IRN,2019,0.2337938,0.11057331311288451
IRN,2020,0.311211825,0.1306287724484509
IRN,2021,0.35762642499999997,0.1515845413032471
IRN,2022,0.25404315,0.05911123088159022
IRN,2023,0.18293245000000002,0.09927790984223697
IRN,2024,0.3151887,0.03692070615052392
IRQ,1995,0.066300625,0.09668249783472964
IRQ,1996,0.041207675,0.04761323347707547
IRQ,1997,0.071803875,0.04845958295744163
IRQ,1998,0.041017225,0.08203445
IRQ,1999,0.094398975,0.06951546676279435
IRQ,2000,0.236019525,0.14882430671507427
IRQ,2001,0.184026625,0.05418670441362132
IRQ,2002,0.13424465,0.15506880700621256
IRQ,2003,0.0888227,0.06560123775737772
IRQ,2004,0.025851825,0.05170365
IRQ,2005,0.02814365,0.0562873
IRQ,2006,0.026566199999999998,0.0306761582866347
IRQ,2007,0.12193204999999999,0.11766626578796206
IRQ,2008,0.027639575,0.05527915
IRQ,2009,0.099493475,0.0746066004629338
IRQ,2010,0.24538675,0.10737223246713586
IRQ,2011,0.161442875,0.061194911076078606
IRQ,2012,0.222195325,0.07818952231176822
IRQ,2013,0.17384840000000001,0.14904568311547972
IRQ,2014,0.076585625,0.02091332158145058
IRQ,2015,0.093867175,0.07433434721232506
IRQ,2016,0.109220125,0.1060616203833531
IRQ,2017,0.092770725,0.07751582524445683
IRQ,2018,0.10014085,0.14913095893208536
IRQ,2019,0.07527705,0.08957802911638918
IRQ,2020,0.1768991,0.06518492499737445
IRQ,2021,0.2310154,0.15601505752022782
IRQ,2022,0.225698925,0.15493033658521874
IRQ,2023,0.16856625,0.16037600169781221
IRQ,2024,0.08571727500000001,0.09898407254285493
ISR,1995,0.067940925,0.13588185
ISR,1996,0.067587675,0.08258027897027938
ISR,1997,0.083852925,0.0700454711865264
ISR,1998,0.314807725,0.18945150417776005
ISR,1999,0.3011638,0.0765083196370608
ISR,2000,0.25297112499999996,0.19589163554033942
ISR,2001,0.320232175,0.10120725920372098
ISR,2002,0.19824425,0.17663924874901574
ISR,2003,0.399545325,0.1814887033305999
ISR,2004,0.17550902499999999,0.06565734981911138
ISR,2005,0.252878875,0.04254061706568403
ISR,2006,0.15472029999999998,0.04848017035276725
ISR,2007,0.26855592500000003,0.10980845953718305
ISR,2008,0.06824485,0.08633262384805641
ISR,2009,0.088350825,0.00269606017165171
ISR,2010,0.09136915,0.08018231568637813
ISR,2011,0.17348875,0.009022306509424292
ISR,2012,0.14364264999999998,0.0895187483176755
ISR,2013,0.212571425,0.17363721883788577
ISR,2014,0.2174539,0.0941186470942218
ISR,2015,0.1173937,0.056262793308426005
ISR,2016,0.10493015,0.12908518433139413
ISR,2017,0.144043525,0.050565317748589626
ISR,2018,0.16504639999999998,0.1326050835498901
ISR,2019,0.2898825,0.11305568200537289
ISR,2020,0.181532525,0.08432127107669314
ISR,2021,0.13103652500000001,0.08941475197331347
ISR,2022,0.20120112499999998,0.04121596842878377
ISR,2023,0.218855625,0.11216851797723443
ISR,2024,0.229898125,0.04351706703469915
ITA,1995,0.12983899999999998,0.10342721434654743
ITA,1996,0.1037932,0.09231378892303506
ITA,1997,0.21637805000000002,0.17548528707135727
ITA,1998,0.12024475,0.05215691807437117
ITA,1999,0.042787925000000004,0.028625805176375974
ITA,2000,0.097905575,0.04151048585023427
ITA,2001,0.12367752500000001,0.05077334662808661
ITA,2002,0.325888025,0.3110532969303104
ITA,2003,0.23698745,0.209353821129008
ITA,2004,0.38914597500000003,0.1711417895578668
ITA,2005,0.262198225,0.20056513896872133
ITA,2006,0.1140529,0.09159790105520979
ITA,2007,0.145880925,0.09943381307728859
ITA,2008,0.02476965,0.0495393
ITA,2009,0.050906125,0.10181225
ITA,2010,0.10813357500000001,0.1079748357319851
ITA,2011,0.187957075,0.22886170361761235
ITA,2012,0.450709325,0.18551645827619315
ITA,2013,0.320874325,0.2572161027915421
ITA,2014,0.212768075,0.10870847236983189
ITA,2015,0.227256825,0.14074140942841176
ITA,2016,0.3774767,0.11847215610966712
ITA,2017,0.3789798,0.09817214040921522
ITA,2018,0.28155595,0.0938355890768707
ITA,2019,0.45738565000000003,0.28119585570869166
ITA,2020,0.328735125,0.2027145346581472
ITA,2021,0.13590839999999998,0.054726189448380196
ITA,2022,0.32163664999999997,0.02244005552882317
ITA,2023,0.11312215,0.10799089260514828
ITA,2024,0.138155325,0.05651342714508207
JPN,1995,0.0535546,0.040157799170854304
JPN,1996,0.085163425,0.04865349896916459
JPN,1997,0.0404235,0.052063740237712465
JPN,1998,0.045516799999999996,0.06422439143565316
JPN,1999,0.1230609,0.09052352046229016
JPN,2000,0.148391825,0.06913474408232931
JPN,2001,0.29496175,0.06502337776505206
JPN,2002,0.11525629999999999,0.16078312685714258
JPN,2003,0.25416335,0.19317233027832081
JPN,2004,0.08629890000000001,0.06785496197100598
JPN,2005,0.1418671,0.11648812963133481
JPN,2006,0.08627415,0.03360506715050574
JPN,2007,0.148253825,0.08176841743621127
JPN,2008,0.322201825,0.04465498881300014
JPN,2009,0.158768925,0.1320098485071821
JPN,2010,0.15912785000000002,0.1359246133980769
JPN,2011,0.28456285000000003,0.14553307597336765
JPN,2012,0.33063635,0.10437845666913263
JPN,2013,0.15409045,0.19181104751516095
JPN,2014,0.122302925,0.04947134267380629
JPN,2015,0.1378596,0.09559351438666396
JPN,2016,0.16174185000000002,0.10494392312349486
JPN,2017,0.05324235,0.06723169525005797
JPN,2018,0.08460965,0.08452893580269816
JPN,2019,0.20518182499999998,0.056656724773520926
JPN,2020,0.24763912500000002,0.15521456556413288
JPN,2021,0.08994427499999999,0.03700918096043872
JPN,2022,0.20128935,0.0958704895233669
JPN,2023,0.0901821,0.0764924837136739
JPN,2024,0.033663225,0.06732645
KEN,1995,0.017196325,0.03439265
KEN,1996,0.040730075000000004,0.04703125055048505
KEN,1997,0.04343375,0.05038964664482179
KEN,1998,0.045739825,0.052845293970631854
KEN,1999,0.08886245,0.08857209092430489
KEN,2000,0.0,0.0
KEN,2001,0.23280385,0.10995598460446193
KEN,2002,0.47821830000000004,0.5156006893140078
KEN,2003,0.240905625,0.13064441418408404
KEN,2004,0.46646227500000004,0.17807959192826064
KEN,2005,0.536352625,0.1440868702951192
KEN,2006,0.33036855,0.07811035097034197
KEN,2007,0.33658185,0.05600178666134976
KEN,2008,0.255266,0.1055685395230353
KEN,2009,0.1783438,0.05513321285154106
KEN,2010,0.25988690000000003,0.13599679618258168
KEN,2011,0.23914565,0.19958423188633082
KEN,2012,0.31742485,0.131642496137924
KEN,2013,0.4185879,0.22621731577096396
KEN,2014,0.270560925,0.1799993000462201
KEN,2015,0.3555673,0.21677338563721332
KEN,2016,0.422445525,0.22081036266803505
KEN,2017,0.812926875,0.24135455563199099
KEN,2018,0.444000475,0.19309936162841787
KEN,2019,0.19362457500000002,0.18587186783386336
KEN,2020,0.373188325,0.08934646750865885
KEN,2021,0.345821775,0.09114317307754048
KEN,2022,0.43695075,0.1481336649212348
KEN,2023,0.10237969999999999,0.014970408436868601
KEN,2024,0.290360725,0.19906751844216702
KOR,1995,0.055946050000000004,0.09311493415918845
KOR,1996,0.049682050000000005,0.033810808381985386
KOR,1997,0.065044975,0.09342436015837893
KOR,1998,0.1337707,0.15576766171202971
KOR,1999,0.11314070000000001,0.09933167631368489
KOR,2000,0.11348849999999999,0.07635404603900613
KOR,2001,0.33885675000000004,0.17978384983307963
KOR,2002,0.34467895,0.1941674747851881
KOR,2003,0.49543564999999995,0.0476148831605203
KOR,2004,0.30618735,0.14703397457341846
KOR,2005,0.10526194999999999,0.027154154974699547
KOR,2006,0.2429757,0.21625077336797355
KOR,2007,0.37059002500000005,0.3716906163728949
KOR,2008,0.333449975,0.04350203350659789
KOR,2009,0.29470450000000004,0.169811524506397
KOR,2010,0.31073015,0.08481219920453661
KOR,2011,0.24338237499999998,0.0889675943502792
KOR,2012,0.485748825,0.03399813483142621
KOR,2013,0.0781367,0.06879703293684498
KOR,2014,0.30506395000000003,0.21697584608242304
KOR,2015,0.131674675,0.05077984907745557
KOR,2016,0.0699741,0.1399482
KOR,2017,0.06248165,0.04168063919955323
KOR,2018,0.09379905,0.07355234624250043
KOR,2019,0.116947325,0.1350624343404036
KOR,2020,0.08753820000000001,0.09290109054928616
KOR,2021,0.11301549999999999,0.09846869664747947
KOR,2022,0.17914380000000002,0.0703747103447917
KOR,2023,0.11853485,0.1049012220333173
KOR,2024,0.06423915,0.07418734089679092
KWT,1995,0.080472725,0.11732565728465293
KWT,1996,0.0480021,0.05542956800667553
KWT,1997,0.03155575,0.036454745611282674
KWT,1998,0.0,0.0
KWT,1999,0.01874345,0.0374869
KWT,2000,0.1004674,0.07251871581198883
KWT,2001,0.11386325,0.04384319829160126
KWT,2002,0.0713216,0.1426432
KWT,2003,0.077973425,0.05992400315145704
KWT,2004,0.04814445,0.032270698627031094
KWT,2005,0.101079375,0.06770488196830786
KWT,2006,0.146165525,0.05421858951518228
KWT,2007,0.1843389,0.15300336997221117
KWT,2008,0.17391304999999999,0.11421246847860643
KWT,2009,0.1309535,0.10073638076927983
KWT,2010,0.139770825,0.10652265112861754
KWT,2011,0.21901567500000002,0.09281959377693824
KWT,2012,0.2020467,0.10855943935107623
KWT,2013,0.17753315,0.14433919678409143
KWT,2014,0.07441905,0.09636026153902863
KWT,2015,0.047787625,0.055199059429811244
KWT,2016,0.043683200000000005,0.05049358437082214
KWT,2017,0.125631375,0.14003672910555467
KWT,2018,0.042546175,0.04917219247544795
KWT,2019,0.08527167499999999,0.06185920119493812
KWT,2020,0.110482075,0.034116250246803204
KWT,2021,0.1861565,0.10117175916908171
KWT,2022,0.129986,0.08781564149910881
KWT,2023,0.267889175,0.21524012780973062
KWT,2024,0.092620325,0.0015423919851429875
MAR,1995,0.048394975,0.05850221185404732
MAR,1996,0.0639162,0.042941304390994
MAR,1997,0.02032025,0.0406405
MAR,1998,0.072027325,0.05604418370169349
MAR,1999,0.02595785,0.0519157
MAR,2000,0.0464972,0.0929944
MAR,2001,0.118334,0.16767071560651253
MAR,2002,0.31105547499999997,0.1659645411159941
MAR,2003,0.14324947500000001,0.14589053927725804
MAR,2004,0.045067949999999996,0.03005414409389605
MAR,2005,0.07089215,0.08480237777033928
MAR,2006,0.0,0.0
MAR,2007,0.031281275,0.06256255
MAR,2008,0.026249475,0.05249895
MAR,2009,0.14517055,0.04658992455460015
MAR,2010,0.080563475,0.0537382664482443
MAR,2011,0.0506529,0.058497215143457904
MAR,2012,0.0,0.0
MAR,2013,0.07461945,0.1492389
MAR,2014,0.0,0.0
MAR,2015,0.092700225,0.06242485252949475
MAR,2016,0.07686,0.15372
MAR,2017,0.18537522499999998,0.14928952795119008
MAR,2018,0.105603425,0.09758396762530121
MAR,2019,0.03236665,0.0647333
MAR,2020,0.19364112500000003,0.223598138720777
MAR,2021,0.1661609,0.16201066307678638
MAR,2022,0.156480175,0.19001291718926858
MAR,2023,0.130491225,0.051678263250253494
MAR,2024,0.128605125,0.04800424842375065
MEX,1995,0.1285691,0.15962283380824102
MEX,1996,0.2529345,0.07366747944210753
MEX,1997,0.23814495,0.12774128202343205
MEX,1998,0.2842198,0.11002632538182243
MEX,1999,0.19499117500000002,0.12483594116763476
MEX,2000,0.149170675,0.0630838600403397
MEX,2001,0.143196925,0.11811394840730075
MEX,2002,0.373682075,0.04708885339124853
MEX,2003,0.227697175,0.1425365103052869
MEX,2004,0.198730075,0.12421844949323148
MEX,2005,0.255368025,0.13492537795800008
MEX,2006,0.41276805000000005,0.10860405273225308
MEX,2007,0.3103684,0.072995631333891
MEX,2008,0.026158825,0.05231765
MEX,2009,0.20721109999999998,0.04771648859189032
MEX,2010,0.21239122500000002,0.2494545628367269
MEX,2011,0.24858877499999998,0.18073327293243258
MEX,2012,0.2817539,0.14157118462344892
MEX,2013,0.2250533,0.07258339244638999
MEX,2014,0.1322813,0.08527549275037935
MEX,2015,0.182527625,0.039114730307935136
MEX,2016,0.215969625,0.19353123993836885
MEX,2017,0.50434105,0.1582132950208779
MEX,2018,0.6606808,0.2866434427308023
MEX,2019,0.5809583,0.09006935210443857
MEX,2020,0.399743175,0.2755275704005121
MEX,2021,0.411783825,0.13137316216481396
MEX,2022,0.36459195,0.0313629882577644
MEX,2023,0.20155125000000002,0.036114511576234846
MEX,2024,0.227954975,0.13683226876411803
MYS,1995,0.068394775,0.13678955
MYS,1996,0.0680354,0.07858331580719494
MYS,1997,0.041278725,0.027839947406005754
MYS,1998,0.19996395,0.08170985457738048
MYS,1999,0.139500925,0.10860792265190648
MYS,2000,0.015238325,0.030476650000000004
MYS,2001,0.0,0.0
MYS,2002,0.16170927499999999,0.07146843248322414
MYS,2003,0.504689575,0.1950137782881913
MYS,2004,0.12898395,0.04845488803966702
MYS,2005,0.100702975,0.02888099949405895
MYS,2006,0.091425225,0.034903770533222245
MYS,2007,0.1040177,0.11227379546047243
MYS,2008,0.303561175,0.23423167411776136
MYS,2009,0.0,0.0
MYS,2010,0.09357974999999999,0.10807101520578956
MYS,2011,0.023757475,0.04751494999999999
MYS,2012,0.1648595,0.12250792140290358
MYS,2013,0.22439895,0.12260376100012865
MYS,2014,0.043889675,0.05070519088333889
MYS,2015,0.20170395000000002,0.2301589105111872
MYS,2016,0.06510985,0.043414143386573914
MYS,2017,0.142960475,0.12093277309230874
MYS,2018,0.039375175,0.045522452299671126
MYS,2019,0.03966995,0.0793399
MYS,2020,0.147015825,0.14298873022937564
MYS,2021,0.384455825,0.24001914574813088
MYS,2022,0.16259052499999999,0.06277755160742174
MYS,2023,0.09837005,0.07283071287813038
MYS,2024,0.210442725,0.15546147151216974
NGA,1995,0.47317715,0.16599156940327822
NGA,1996,0.186427125,0.12198808964475112
NGA,1997,0.18326525,0.16829526620582647
NGA,1998,0.19698635,0.18394803957039063
NGA,1999,0.1326333,0.06488223789548776
NGA,2000,0.03001835,0.034691351459549685
NGA,2001,0.09583092499999998,0.12095983580107282
NGA,2002,0.104389575,0.14221314406032412
NGA,2003,0.241468875,0.14720060047917322
NGA,2004,0.13979315,0.07264331550897622
NGA,2005,0.1989844,0.1385270453706664
NGA,2006,0.4207098,0.10474921154054892
NGA,2007,0.085313025,0.0990152179780588
NGA,2008,0.243536375,0.2073111200380461
NGA,2009,0.236905225,0.11512404105949882
NGA,2010,0.701916475,0.16497638597270772
NGA,2011,0.483053925,0.13328704382775727
NGA,2012,0.484180075,0.10509359735021524
NGA,2013,0.4397126,0.1599427539811249
NGA,2014,0.305299025,0.23364688964755306
NGA,2015,0.73168305,0.07173124456086062
NGA,2016,0.41727925,0.20271812550045115
NGA,2017,0.37956765000000003,0.14740060554933282
NGA,2018,0.223177025,0.03692074682987648
NGA,2019,0.349316425,0.12284132901588603
NGA,2020,0.490943125,0.3948469691036548
NGA,2021,0.37758289999999994,0.1613471253093156
NGA,2022,0.14879945,0.1351568079528984
NGA,2023,0.05094844999999999,0.06371324690603987
NGA,2024,0.173706925,0.05140961293755445
NLD,1995,0.03349975,0.038682215880470626
NLD,1996,0.0848763,0.11509697687831193
NLD,1997,0.038080725,0.07616145
NLD,1998,0.01659365,0.0331873
NLD,1999,0.03777005,0.0755401
NLD,2000,0.0,0.0
NLD,2001,0.1664906,0.20470310890172952
NLD,2002,0.12372235000000001,0.14714609332518255
NLD,2003,0.108007675,0.1686250412884827
NLD,2004,0.0920078,0.09240398759317696
NLD,2005,0.0549775,0.07143886556000173
NLD,2006,0.08865635,0.03568448499861904
NLD,2007,0.10754705,0.12413369134301667
NLD,2008,0.0592271,0.06841319772119996
NLD,2009,0.22869014999999998,0.28597880723322255
NLD,2010,0.349789575,0.3228586023186453
NLD,2011,0.023780075,0.04756015
NLD,2012,0.24263815,0.18696645685449392
NLD,2013,0.202024125,0.06846960641834084
NLD,2014,0.22454639999999998,0.12297824412949362
NLD,2015,0.222992575,0.17225318765685926
NLD,2016,0.407428225,0.2775582888382351
NLD,2017,0.372439375,0.07897775798684821
NLD,2018,0.1909611,0.07118174057724823
NLD,2019,0.309688125,0.06668253652890813
NLD,2020,0.385697925,0.16226230490302573
NLD,2021,0.14936095,0.04835712444817894
NLD,2022,0.211044425,0.03676169803263309
NLD,2023,0.117860775,0.10096300546323472
NLD,2024,0.268201325,0.12574884998292896
NOR,1995,0.1623589,0.0809995395458929
NOR,1996,0.15271247500000001,0.0660067514506092
NOR,1997,0.34390175,0.23218363108707016
NOR,1998,0.08642775,0.12797806112876015
NOR,1999,0.06976394999999999,0.10170368830035943
NOR,2000,0.0567096,0.07375251184228689
NOR,2001,0.12115632500000001,0.09065544518558075
NOR,2002,0.184927275,0.16756858904296223
NOR,2003,0.07649162500000001,0.08034982198948856
NOR,2004,0.048735025,0.03257779720733893
NOR,2005,0.0448481,0.05697083115103728
NOR,2006,0.0742313,0.027384619389114517
NOR,2007,0.18425597500000002,0.11245139127716103
NOR,2008,0.15674495,0.13239622351949218
NOR,2009,0.198428975,0.07696442643881544
NOR,2010,0.17139797499999998,0.09683574971398304
NOR,2011,0.381022325,0.17155567382173395
NOR,2012,0.1834538,0.1552641962491031
NOR,2013,0.19676310000000002,0.1659827459870654
NOR,2014,0.361054475,0.13433729894987903
NOR,2015,0.2680305,0.10111488124550876
NOR,2016,0.584127575,0.5924594048894173
NOR,2017,0.222917875,0.1688059175734148
NOR,2018,0.126023375,0.13832737191431962
NOR,2019,0.083578975,0.11369461330424806
NOR,2020,0.471554725,0.1677193721091549
NOR,2021,0.449945125,0.14811765554946232
NOR,2022,0.306235375,0.06998965491848896
NOR,2023,0.326479975,0.19909099549066128
NOR,2024,0.073527675,0.0061854997854525326
NZL,1995,0.0346308,0.040117710671805126
NZL,1996,0.275571375,0.13847637887561368
NZL,1997,0.16098222499999998,0.12669798803578466
NZL,1998,0.053191550000000004,0.06683172231216251
NZL,1999,0.140199425,0.10841243704705886
NZL,2000,0.134277125,0.11250731178062384
NZL,2001,0.300484175,0.30524331780776004
NZL,2002,0.2119352,0.2025114191248319
NZL,2003,0.12881695,0.059683902458451905
NZL,2004,0.0188608,0.0377216
NZL,2005,0.07479179999999999,0.08636570434645918
NZL,2006,0.09010705000000001,0.08946262251899767
NZL,2007,0.070793225,0.09664494568389234
NZL,2008,0.156618025,0.06051125363816635
NZL,2009,0.028891725,0.05778345
NZL,2010,0.141374475,0.14241106896119124
NZL,2011,0.11400450000000001,0.09281711635644939
NZL,2012,0.1499245,0.10095259864117746
NZL,2013,0.08928675,0.10338026245134997
NZL,2014,0.09254319999999999,0.07499092978171872
NZL,2015,0.13983335,0.10881389520866962
NZL,2016,0.2701679,0.30096482276867503
NZL,2017,0.35079265,0.10668653456259916
NZL,2018,0.370549825,0.19580192825758683
NZL,2019,0.30530257499999996,0.2334298351820146
NZL,2020,0.12100587500000001,0.11699929408480421
NZL,2021,0.121079775,0.17965433657406985
NZL,2022,0.207129875,0.08415518243666974
NZL,2023,0.18276125,0.196913251671398
NZL,2024,0.1014167,0.08531335530950983
PAK,1995,0.016992925,0.03398585
PAK,1996,0.067927525,0.09467118175401901
PAK,1997,0.308881925,0.21509700299222176
PAK,1998,0.210651425,0.09554302034648667
PAK,1999,0.157278125,0.10841318800224062
PAK,2000,0.042764275,0.08552855
PAK,2001,0.11538837500000002,0.13944565886610635
PAK,2002,0.241165825,0.23610189721567787
PAK,2003,0.06782555,0.07833833812706266
PAK,2004,0.0,0.0
PAK,2005,0.0611247,0.1222494
PAK,2006,0.01740705,0.0348141
PAK,2007,0.1019632,0.08932461359890305
PAK,2008,0.057992249999999995,0.06696491531847105
PAK,2009,0.0,0.0
PAK,2010,0.1011155,0.08459818550627037
PAK,2011,0.1585945,0.1401538923367929
PAK,2012,0.14107572499999999,0.04914238972722531
PAK,2013,0.044183125000000004,0.05111251907738292
PAK,2014,0.1922897,0.23650620133979575
PAK,2015,0.0,0.0
PAK,2016,0.13427187499999998,0.07200340196085066
PAK,2017,0.041206525,0.08241305
PAK,2018,0.0555885,0.111177
PAK,2019,0.025990225,0.05198045
PAK,2020,0.09574487500000001,0.05068612050166363
PAK,2021,0.072447875,0.0897387138999802
PAK,2022,0.19915265000000001,0.14809420888543662
PAK,2023,0.28152195,0.049689606546339235
PAK,2024,0.192577,0.04232781130123945
PER,1995,0.045689350000000004,0.05841188548628895
PER,1996,0.023843575,0.04768714999999999
PER,1997,0.159430925,0.1408831585244637
PER,1998,0.2690751,0.26718924166406854
PER,1999,0.278347775,0.163829198890824
PER,2000,0.5270095,0.3125130382015551
PER,2001,0.48632664999999997,0.2987883149205415
PER,2002,0.137571275,0.23202893961181328
PER,2003,0.1757117,0.1407886027556208
PER,2004,0.288377625,0.19601899879903434
PER,2005,0.250206725,0.05594434758819846
PER,2006,0.27160225,0.22538758201664527
PER,2007,0.0,0.0
PER,2008,0.027780875,0.05556175
PER,2009,0.054722525,0.06331906097142076
PER,2010,0.22398225,0.09138223991223167
PER,2011,0.5584537749999999,0.641838823236968
PER,2012,0.276456525,0.15417055756878215
PER,2013,0.379358875,0.09818822655028028
PER,2014,0.12426569999999999,0.12706513218275106
PER,2015,0.20950844999999998,0.11426848033949112
PER,2016,0.170202775,0.20722491217290734
PER,2017,0.179701375,0.1471276311543003
PER,2018,0.39176849999999996,0.18195094198917097
PER,2019,0.375352925,0.08129511656897047
PER,2020,0.33977005,0.2235477063920585
PER,2021,0.750809775,0.06593460130055002
PER,2022,0.757123525,0.1576307112610225
PER,2023,0.24526494999999998,0.1633533072286876
PER,2024,0.289398475,0.058994835192434446
POL,1995,0.04489405,0.0897881
POL,1996,0.07206850000000001,0.006466197231242906
POL,1997,0.052300025,0.03597918015161685
POL,1998,0.187694625,0.09146797598658504
POL,1999,0.0,0.0
POL,2000,0.114522325,0.08755613495003743
POL,2001,0.0,0.0
POL,2002,0.098251825,0.11558282203875496
POL,2003,0.2951515,0.10217215551329693
POL,2004,0.32840132499999997,0.15936476665711222
POL,2005,0.22440822500000002,0.08121631535228928
POL,2006,0.179976475,0.08160961343683211
POL,2007,0.06683777499999999,0.07721321059777161
POL,2008,0.171127875,0.16946035829588335
POL,2009,0.31911595,0.08517499540305241
POL,2010,0.265363425,0.16468364145191378
POL,2011,0.256697,0.12002482457950106
POL,2012,0.1388599,0.08349708920343671
POL,2013,0.06080195,0.041058762217298594
POL,2014,0.194662725,0.1881161160237009
POL,2015,0.46853455,0.2247784627338586
POL,2016,0.41922975,0.3478499621276823
POL,2017,0.33074892499999997,0.23048083422826254
POL,2018,0.15396265,0.06522073387630142
POL,2019,0.24007737499999998,0.11903691631513239
POL,2020,0.3360337,0.14454971744213127
POL,2021,0.24653277499999998,0.13873704551554533
POL,2022,0.2056471,0.04140062921486419
POL,2023,0.17247542500000002,0.024913964220676856
POL,2024,0.0343971,0.03978618227860858
PRT,1995,0.18489307500000002,0.07835424939777781
PRT,1996,0.043576475,0.050591451014795966
PRT,1997,0.233912875,0.18647014418516394
PRT,1998,0.079249725,0.0649799880223327
PRT,1999,0.035080875,0.04052414247543267
PRT,2000,0.036614825000000004,0.04228943815630368
PRT,2001,0.26277275,0.13167897145478472
PRT,2002,0.25054675000000004,0.2905792304410107
PRT,2003,0.1282849,0.04265890376158299
PRT,2004,0.192088675,0.0738453490027808
PRT,2005,0.236287225,0.10379075857491278
PRT,2006,0.06109275,0.08714748685825656
PRT,2007,0.10401887500000001,0.07491726954698653
PRT,2008,0.118052975,0.09408579548785512
PRT,2009,0.02803005,0.0560601
PRT,2010,0.100796475,0.009870413646305134
PRT,2011,0.17201765,0.1228675483886205
PRT,2012,0.29949380000000003,0.12472937053297967
PRT,2013,0.314005625,0.08915860264720675
PRT,2014,0.240701,0.1103321491700402
PRT,2015,0.329493925,0.18602942219993723
PRT,2016,0.27842485,0.1624900777043837
PRT,2017,0.1741177,0.17696344902660924
PRT,2018,0.11234982500000001,0.07524105355058833
PRT,2019,0.375298275,0.08595322599151917
PRT,2020,0.4080015,0.07862890804562064
PRT,2021,0.176021325,0.07563982362756516
PRT,2022,0.35461855,0.04521559620061053
PRT,2023,0.12404752499999999,0.16896671007760425
PRT,2024,0.396865275,0.12894558283806842
QAT,1995,0.097572975,0.11286778289575153
QAT,1996,0.212018725,0.09687631344318641
QAT,1997,0.0225144,0.04502880000000001
QAT,1998,0.07962985,0.09576699964773878
QAT,1999,0.0,0.0
QAT,2000,0.121936025,0.09030354604452603
QAT,2001,0.06282607500000001,0.043263140038942695
QAT,2002,0.03735525,0.0747105
QAT,2003,0.074588325,0.07714975696221711
QAT,2004,0.092660775,0.10327512548141735
QAT,2005,0.016840675,0.03368135
QAT,2006,0.1110564,0.1110148437595922
QAT,2007,0.037938575,0.04565003389545109
QAT,2008,0.0,0.0
QAT,2009,0.0,0.0
QAT,2010,0.0278769,0.0557538
QAT,2011,0.0,0.0
QAT,2012,0.029036,0.05807199999999999
QAT,2013,0.0865822,0.11655657136598234
QAT,2014,0.024059275,0.04811855
QAT,2015,0.02353605,0.0470721
QAT,2016,0.10060595,0.11730106971065239
QAT,2017,0.159645675,0.11512835848864157
QAT,2018,0.10079540000000001,0.04782880240852089
QAT,2019,0.087770525,0.10245256635332517
QAT,2020,0.12856695,0.05179354365262785
QAT,2021,0.153602925,0.1519515072591554
QAT,2022,0.080667225,0.06004031549586078
QAT,2023,0.027100275,0.05420055000000001
QAT,2024,0.0,0.0
ROU,1995,0.09097655,0.14551117214712417
ROU,1996,0.107583025,0.098817482946436
ROU,1997,0.01755125,0.0351025
ROU,1998,0.09307735,0.1082823513963533
ROU,1999,0.033322275,0.03854889548330146
ROU,2000,0.21655237500000002,0.11418190521436616
ROU,2001,0.106780875,0.09529394307598552
ROU,2002,0.13013045,0.12297213174879638
ROU,2003,0.07035525000000001,0.05466914402363244
ROU,2004,0.1464062,0.15492167728313555
ROU,2005,0.169455075,0.11514493107735643
ROU,2006,0.070279075,0.07141915979354443
ROU,2007,0.113789925,0.08109254695981108
ROU,2008,0.1544644,0.12710992326557358
ROU,2009,0.188247625,0.0519008933553412
ROU,2010,0.10730894999999999,0.13015707293841802
ROU,2011,0.087975475,0.0023007744498682735
ROU,2012,0.22279149999999998,0.21623577808619
ROU,2013,0.371989375,0.10483721603633496
ROU,2014,0.22425694999999998,0.07354734606634922
ROU,2015,0.1482486,0.12938864739677383
ROU,2016,0.1443487,0.07537177530198778
ROU,2017,0.20045307499999998,0.28475617186265834
ROU,2018,0.134971875,0.09940554306923315
ROU,2019,0.441303575,0.13576595458809187
ROU,2020,0.3381379,0.11667388085159991
ROU,2021,0.39964152500000005,0.18617789834777876
ROU,2022,0.26123095,0.08295469187978462
ROU,2023,0.133455125,0.06125525467170823
ROU,2024,0.274421,0.05987811740689025
RUS,1995,0.18718832500000002,0.09685028714802983
RUS,1996,0.213315475,0.11298815133323714
RUS,1997,0.17210595,0.1384182052661306
RUS,1998,0.26998397500000004,0.0996572679103528
RUS,1999,0.139594575,0.08151316096281119
RUS,2000,0.1094724,0.10345421110697557
RUS,2001,0.11514365,0.08863940033433214
RUS,2002,0.09007942499999999,0.1068729318496932
RUS,2003,0.32827007500000005,0.24774630298773212
RUS,2004,0.478633625,0.15340638734279993
RUS,2005,0.3858752,0.2433873882321897
RUS,2006,0.181719425,0.15239804626950604
RUS,2007,0.2148757,0.2099620878866627
RUS,2008,0.24602854999999998,0.10366536815518478
RUS,2009,0.0417538,0.048335618652432015
RUS,2010,0.16683985,0.15051575263283906
RUS,2011,0.26072164999999997,0.20012240565161613
RUS,2012,0.162395125,0.06695391782792974
RUS,2013,0.1896336,0.12451587285308915
RUS,2014,0.246648975,0.14378372935077124
RUS,2015,0.2904617,0.09100563123730311
RUS,2016,0.376323825,0.27431657612601995
RUS,2017,0.27046025,0.09912525226135199
RUS,2018,0.300319825,0.09289676933497651
RUS,2019,0.34603422500000003,0.07341104833553665
RUS,2020,0.15829025,0.15538330515789012
RUS,2021,0.12889815,0.05109405154552402
RUS,2022,0.306819625,0.06653263679715767
RUS,2023,0.270214325,0.15446027348327843
RUS,2024,0.0,0.0
SAU,1995,0.07549402499999999,0.055180311462596575
SAU,1996,0.0339236,0.0678472
SAU,1997,0.07778285,0.11124642704774837
SAU,1998,0.017405825,0.03481165
SAU,1999,0.105434,0.12065198840919836
SAU,2000,0.1363403,0.12414648329772912
SAU,2001,0.17323935,0.1405791240782808
SAU,2002,0.133819925,0.04844625437398816
SAU,2003,0.08397925,0.0709871801092047
SAU,2004,0.01509205,0.0301841
SAU,2005,0.041506275,0.02768949950509218
SAU,2006,0.0605193,0.08629077411102533
SAU,2007,0.08565225,0.037333340530014185
SAU,2008,0.23295855,0.13552017017818171
SAU,2009,0.091537325,0.07165974849627346
SAU,2010,0.187391725,0.0815043567929705
SAU,2011,0.117921925,0.08934889671996982
SAU,2012,0.082426575,0.06168739273878549
SAU,2013,0.050127,0.10025399999999998
SAU,2014,0.058201425,0.03923810363446693
SAU,2015,0.112986,0.07636892211731156
SAU,2016,0.1051241,0.03651158463675148
SAU,2017,0.25604515,0.1616884881151098
SAU,2018,0.1697326,0.07341387692378057
SAU,2019,0.194109375,0.1367683623551484
SAU,2020,0.164071775,0.09562815023688982
SAU,2021,0.129562325,0.06957209573065794
SAU,2022,0.24790812499999998,0.03670065113967098
SAU,2023,0.161924075,0.11140715824860252
SAU,2024,0.016815775,0.03363155
SWE,1995,0.12989605,0.14463831199276583
SWE,1996,0.1178646,0.0959796862552002
SWE,1997,0.17307675,0.06553452470855851
SWE,1998,0.054431825,0.036337146707501676
SWE,1999,0.0616939,0.0496461927009514
SWE,2000,0.084066425,0.06282355958042997
SWE,2001,0.140589175,0.19429967212772772
SWE,2002,0.23055585,0.26994571994543026
SWE,2003,0.3285106,0.2288814048955048
SWE,2004,0.143478925,0.09597342068668024
SWE,2005,0.029392975000000002,0.0339562959817837
SWE,2006,0.059118199999999996,0.0002525035577307135
SWE,2007,0.10763525,0.04732470850767775
SWE,2008,0.177200925,0.12553595950009372
SWE,2009,0.2275097,0.14951033553430346
SWE,2010,0.111231675,0.09086826114800757
SWE,2011,0.167534825,0.19879428884828615
SWE,2012,0.306910625,0.11227149544081007
SWE,2013,0.23604635000000002,0.12424897501153348
SWE,2014,0.419254675,0.04803685488048907
SWE,2015,0.36279995,0.11650237557456357
SWE,2016,0.34265477499999997,0.27865198884604403
SWE,2017,0.1352895,0.12572228035955546
SWE,2018,0.1456746,0.10968948465712959
SWE,2019,0.11648995000000001,0.10356714002206492
SWE,2020,0.376876575,0.2020717396110331
SWE,2021,0.083811125,0.05884653133937322
SWE,2022,0.240586025,0.15891644345521905
SWE,2023,0.1569454,0.1425078347480119
SWE,2024,0.07358545,0.0014792354162426863
THA,1995,0.105261275,0.1106326093574396
THA,1996,0.1206424,0.16376813551752573
THA,1997,0.106665875,0.06757315984715505
THA,1998,0.1535181,0.11818340373659351
THA,1999,0.280147725,0.11915132306895504
THA,2000,0.334899025,0.423884934069372
THA,2001,0.181096625,0.04560460984303926
THA,2002,0.1170352,0.19820312381715885
THA,2003,0.32973755,0.06369993667137093
THA,2004,0.049516975,0.008471966492054842
THA,2005,0.0845175,0.07296767681734152
THA,2006,0.49259094999999997,0.4048952252284575
THA,2007,0.3955844,0.14526096893033585
THA,2008,0.1262695,0.19161881242263246
THA,2009,0.067000975,0.045027890843074514
THA,2010,0.109465475,0.08225069128975451
THA,2011,0.1350226,0.15370218337783406
THA,2012,0.120290125,0.07437950506155913
THA,2013,0.12872635,0.05925578593169897
THA,2014,0.296913125,0.22016967969275233
THA,2015,0.30135815,0.2570880293947905
THA,2016,0.342450075,0.16035141072549328
THA,2017,0.295644425,0.0976037951049164
THA,2018,0.18512255,0.0771440381550642
THA,2019,0.11201975,0.09367669822179188
THA,2020,0.08586735000000001,0.024850424139170477
THA,2021,0.208614775,0.17259994454182917
THA,2022,0.22959369999999998,0.10894552940186822
THA,2023,0.188502625,0.11700778371138038
THA,2024,0.110197125,0.10183718510123158
TUR,1995,0.15028505,0.12718947809263417
TUR,1996,0.4787362,0.2420416976058189
TUR,1997,0.11002377499999999,0.1355989857973472
TUR,1998,0.2025167,0.09324596275431983
TUR,1999,0.21661735,0.12824641037322124
TUR,2000,0.257335825,0.12494076656686491
TUR,2001,0.448042175,0.2734879391890786
TUR,2002,0.21805762499999998,0.15094305016392495
TUR,2003,0.26450995,0.14469382828140945
TUR,2004,0.29616552500000004,0.187476433481569
TUR,2005,0.135868325,0.044754733135939556
TUR,2006,0.1871986,0.06571370659606209
TUR,2007,0.15554625,0.08162723369666523
TUR,2008,0.325971925,0.18425217307010475
TUR,2009,0.17483865,0.17487820211008767
TUR,2010,0.21765537499999998,0.10245488731561726
TUR,2011,0.32091675,0.06607444490434002
TUR,2012,0.47478435,0.19164761932342564
TUR,2013,0.231531175,0.08674413059085034
TUR,2014,0.392007375,0.11054550228487739
TUR,2015,0.72211465,0.14889016644075814
TUR,2016,0.5131195749999999,0.11982918817746019
TUR,2017,0.373288,0.11336020488475368
TUR,2018,0.304825125,0.32004444757100403
TUR,2019,0.331389875,0.1554128265616532
TUR,2020,0.203652975,0.16403287595240118
TUR,2021,0.27870537500000003,0.09097406521268851
TUR,2022,0.318319575,0.06651449624246707
TUR,2023,0.51247935,0.06655832167648158
TUR,2024,0.373581925,0.0814397950651226
UKR,1995,0.050298024999999996,0.05916115826488272
UKR,1996,0.13822755,0.04808551412573923
UKR,1997,0.19505825,0.09095643203664416
UKR,1998,0.136551725,0.10139833990611401
UKR,1999,0.18933490000000003,0.16964541125750107
UKR,2000,0.201859675,0.06237238656528356
UKR,2001,0.27404785,0.15652229812689097
UKR,2002,0.20437422500000002,0.10084632765144451
UKR,2003,0.293174925,0.06855093951879263
UKR,2004,0.211528625,0.08459896034587244
UKR,2005,0.2139651,0.1757603356023385
UKR,2006,0.2811469,0.13938920634943966
UKR,2007,0.347966,0.41048141490346834
UKR,2008,0.279303675,0.16961111529644068
UKR,2009,0.62004615,0.13863267852154001
UKR,2010,0.158903125,0.31780625
UKR,2011,0.069212675,0.04614604392298976
UKR,2012,0.19314525,0.073147164788687
UKR,2013,0.226542725,0.12141322933440642
UKR,2014,0.2195605,0.12121875825803528
UKR,2015,0.19703985000000002,0.14248747546968235
UKR,2016,0.50100485,0.1547073867270403
UKR,2017,0.23864792499999998,0.11683972955395995
UKR,2018,0.19058975,0.3259926194560597
UKR,2019,0.3265024,0.3980196634853861
UKR,2020,0.1443952,0.13748484905705066
UKR,2021,0.199625575,0.19391026928979935
UKR,2022,0.1502886,0.16710334112329012
UKR,2023,0.2981473,0.12638011695439547
UKR,2024,0.225888025,0.0130436180078931
USA,1995,0.0731018,0.1160335394054667
USA,1996,0.035233375,0.040763784976404
USA,1997,0.01239095,0.0247819
USA,1998,0.109960625,0.0928292505952506
USA,1999,0.058658025,0.06776237256375521
USA,2000,0.063456175,0.08157431214691606
USA,2001,0.24732305,0.1226410769182577
USA,2002,0.26978,0.13468633947883007
USA,2003,0.303085025,0.18234078999228112
USA,2004,0.08925915,0.07535002484748539
USA,2005,0.124968,0.06395548563946646
USA,2006,0.059715199999999996,0.049648685052006494
USA,2007,0.2736985,0.1968475926444449
USA,2008,0.150782375,0.05972522062040318
USA,2009,0.255069825,0.12391034247030863
USA,2010,0.206717725,0.09142755366242625
USA,2011,0.181616675,0.07408556239683838
USA,2012,0.381228075,0.26795588428215034
USA,2013,0.222607475,0.19120022265207354
USA,2014,0.147042175,0.059949451054721936
USA,2015,0.268378,0.15736945836569857
USA,2016,0.21463927500000002,0.13182617342425781
USA,2017,0.18586695,0.166949222497351
USA,2018,0.192278625,0.13424393122398184
USA,2019,0.5385438499999999,0.16708408462466834
USA,2020,0.36990097499999997,0.25916099231707135
USA,2021,0.09720875,0.06722538927788617
USA,2022,0.176641775,0.01514251135344355
USA,2023,0.367047225,0.1661170803647511
USA,2024,0.302335725,0.03322943917245419
ZAF,1995,0.01264605,0.0252921
ZAF,1996,0.097631525,0.07468509946396604
ZAF,1997,0.071366775,0.05633308616969693
ZAF,1998,0.036589825,0.07317965
ZAF,1999,0.08302319999999999,0.09790404565045649
ZAF,2000,0.16296755,0.16257852934014175
ZAF,2001,0.2287649,0.0749474059596906
ZAF,2002,0.0815469,0.09699051164462773
ZAF,2003,0.129454725,0.04959653507469885
ZAF,2004,0.103162825,0.05891017054829469
ZAF,2005,0.05933935,0.08358859373437265
ZAF,2006,0.254678925,0.19779696758619894
ZAF,2007,0.425711675,0.18232414996928548
ZAF,2008,0.633633025,0.2668062301425309
ZAF,2009,0.14778995,0.0807936986972994
ZAF,2010,0.261953125,0.07135644042319635
ZAF,2011,0.494458625,0.22011062469474107
ZAF,2012,0.72272995,0.2586963025327124
ZAF,2013,0.5499399,0.11986901521563724
ZAF,2014,0.494686575,0.2931822215549728
ZAF,2015,0.731975,0.2901548762021069
ZAF,2016,1.2623438,0.2907172102352387
ZAF,2017,1.3428805,0.3502217761985493
ZAF,2018,0.6189295499999999,0.32302214178024496
ZAF,2019,1.0235029500000001,0.13989601884355635
ZAF,2020,0.4575531,0.22109513526466384
ZAF,2021,0.370317925,0.07332843756489818
ZAF,2022,0.4658046,0.15994385960492513
ZAF,2023,0.34095195,0.04253351012119736
ZAF,2024,0.6328067749999999,0.1691737727247021
